dataset_id,variant,kind,driver_id,vehicle_id,phone_id,n_rows,n_cols,duration_s,acc_xyz,gyro_xyz,gravity_xyz,magnetometer_xyz,orientation_xyz,gps,gps_accuracy,gps_satellites,timestamp,vbox_vehicle,sample_rate_hz,duplicate_rows,duplicate_timestamps,t_monotonic,max_gap_s,repair_required,repair_note,group,group_reason,core_eligible
S-A1,S,S,H,VolvoXC70,BlackberryPriv,5942,24,2970.61,True,True,True,True,True,True,True,True,True,False,2.0,0,0,True,0.606,False,,B,full smartphone schema: core IMU plus magnetometer and 3-axis orientation,True
S-A10,S,S,H,VolvoXC70,BlackberryPriv,8886,24,4442.5,True,True,True,True,True,True,True,True,True,False,2.0,0,0,True,0.525,False,,B,full smartphone schema: core IMU plus magnetometer and 3-axis orientation,True
S-A11,S,S,H,VolvoXC70,BlackberryPriv,5155,24,2577.0,True,True,True,True,True,True,True,True,True,False,2.0,0,0,True,0.506,False,,B,full smartphone schema: core IMU plus magnetometer and 3-axis orientation,True
S-A12,S,S,H,VolvoXC70,BlackberryPriv,4673,24,2336.0,True,True,True,True,True,True,True,True,True,False,2.0,0,0,True,0.51,False,,B,full smartphone schema: core IMU plus magnetometer and 3-axis orientation,True
S-A13,S,S,H,VolvoXC70,BlackberryPriv,9184,24,4591.5,True,True,True,True,True,True,True,True,True,False,2.0,0,0,True,0.534,False,,B,full smartphone schema: core IMU plus magnetometer and 3-axis orientation,True
S-A2,S,S,H,VolvoXC70,BlackberryPriv,11630,24,5814.5,True,True,True,True,True,True,True,True,True,False,2.0,0,0,True,0.523,False,,B,full smartphone schema: core IMU plus magnetometer and 3-axis orientation,True
S-A3,S,S,H,VolvoXC70,BlackberryPriv,11132,24,5566.03,True,True,True,True,True,True,True,True,True,False,2.0,0,0,True,1.879,False,,B,full smartphone schema: core IMU plus magnetometer and 3-axis orientation,True
S-A4,S,S,H,VolvoXC70,BlackberryPriv,32829,25,3282.8,True,True,True,True,True,True,True,True,True,False,10.0,0,0,True,0.111,True,one spurious empty field per data row shifts all columns right by 1; dropping it restores gravity_z=9.8065 and a clean monotonic 10 Hz clock,B,full smartphone schema: core IMU plus magnetometer and 3-axis orientation [flags shown POST-repair; see repair_note],True
S-A5,S,S,H,VolvoXC70,BlackberryPriv,85041,24,8504.35,True,True,True,True,True,True,True,True,True,False,10.0,0,0,True,0.561,False,,B,full smartphone schema: core IMU plus magnetometer and 3-axis orientation,True
S-A6,S,S,H,VolvoXC70,BlackberryPriv,86034,24,8537.4,True,True,True,True,True,True,True,True,True,False,10.0,4,4,True,0.373,False,,B,full smartphone schema: core IMU plus magnetometer and 3-axis orientation,True
S-A7,S,S,H,VolvoXC70,BlackberryPriv,43872,24,4387.1,True,True,True,True,True,True,True,True,True,False,10.0,0,0,True,0.136,False,,B,full smartphone schema: core IMU plus magnetometer and 3-axis orientation,True
S-A8,S,S,H,VolvoXC70,BlackberryPriv,66617,24,6661.6,True,True,True,True,True,True,True,True,True,False,10.0,0,0,True,0.173,False,,B,full smartphone schema: core IMU plus magnetometer and 3-axis orientation,True
S-A9,S,S,H,VolvoXC70,BlackberryPriv,11962,24,5980.5,True,True,True,True,True,True,True,True,True,False,2.0,0,0,True,0.508,False,,B,full smartphone schema: core IMU plus magnetometer and 3-axis orientation,True
S-I,S,S,G,ToyotaCorollaVerso,HuaweiP20Pro,5800,24,579.9,True,True,True,True,True,True,True,True,True,False,10.3093,2267,2288,True,285.379,False,,E,"stationary recording (GPS speed max 0.76 km/h, 98.6% of samples stationary): use for sensor-bias estimation, not motion training",False
S-M,S,S,B,FordFiestaTitanium,HuaweiP20Pro,105974,24,6175.97,True,True,True,True,True,True,True,True,True,False,19.6078,0,0,False,0.107,False,,B,full smartphone schema: core IMU plus magnetometer and 3-axis orientation,True
S-S1,S,S,A,FordFiestaTitanium,HuaweiP20Pro,51746,24,5174.5,True,True,True,True,True,True,True,True,True,False,10.0,0,0,True,0.111,False,,B,full smartphone schema: core IMU plus magnetometer and 3-axis orientation,True
S-S2,S,S,A,FordFiestaTitanium,HuaweiP20Pro,93876,24,9201.1,True,True,True,True,True,True,True,True,True,False,10.0,0,291,False,0.112,False,,B,full smartphone schema: core IMU plus magnetometer and 3-axis orientation,True
S-S3a,S,S,A,FordFiestaTitanium,HuaweiP20Pro,24621,24,2462.0,True,True,True,True,True,True,True,True,True,False,10.0,0,0,True,0.112,False,,B,full smartphone schema: core IMU plus magnetometer and 3-axis orientation,True
S-S3b,S,S,A,FordFiestaTitanium,HuaweiP20Pro,6813,24,2707.51,True,True,True,True,True,True,True,True,True,False,10.0,0,0,False,2026.412,False,,B,full smartphone schema: core IMU plus magnetometer and 3-axis orientation,True
S-S3c,S,S,A,FordFiestaTitanium,HuaweiP20Pro,37183,24,3718.2,True,True,True,True,True,True,True,True,True,False,10.0,0,0,True,0.121,False,,B,full smartphone schema: core IMU plus magnetometer and 3-axis orientation,True
S-S4,S,S,A,FordFiestaTitanium,HuaweiP20Pro,94600,24,5578.0,True,True,True,True,True,True,True,True,True,False,12.5,0,1799,False,0.114,False,,B,full smartphone schema: core IMU plus magnetometer and 3-axis orientation,True
S-T1,S,S,F,RenaultMegane,MotorolaMotoG7Power,25759,18,738.38,True,True,True,False,False,True,True,True,True,False,1000.0,10319,10362,True,0.452,False,,F,"10319 exact duplicate rows (40%) and a collapsed timebase (median dt 0.001s, 10362 duplicate timestamps): sample times are not recoverable without assumptions",False
S-T10,S,S,F,RenaultMegane,MotorolaMotoG7Power,6699,24,669.8,True,True,True,True,True,True,True,True,True,False,10.0,0,0,True,0.128,False,,B,full smartphone schema: core IMU plus magnetometer and 3-axis orientation,True
S-T11,S,S,F,RenaultMegane,MotorolaMotoG7Power,5690,24,568.9,True,True,True,True,True,True,True,True,True,False,10.0,0,0,True,0.114,False,,B,full smartphone schema: core IMU plus magnetometer and 3-axis orientation,True
S-T2,S,S,F,RenaultMegane,MotorolaMotoG7Power,75555,18,7554.94,True,True,True,False,False,True,True,True,True,False,10.0,2,2,True,0.115,False,,C,"smartphone core IMU present but magnetometer and 3-axis orientation absent (18-column export, Driver F / Motorola moto G7 power): valid for the core schema",True
S-T3,S,S,F,RenaultMegane,MotorolaMotoG7Power,65859,18,6469.24,True,True,True,False,False,True,True,True,True,False,10.0,678,678,True,0.437,False,,C,"smartphone core IMU present but magnetometer and 3-axis orientation absent (18-column export, Driver F / Motorola moto G7 power): valid for the core schema",True
S-T4,S,S,F,RenaultMegane,MotorolaMotoG7Power,73482,18,3580.24,True,True,True,False,False,True,True,True,True,False,1000.0,20841,20914,True,1.582,False,,F,"20841 exact duplicate rows (28%) and a collapsed timebase (median dt 0.001s, 20914 duplicate timestamps): sample times are not recoverable without assumptions",False
S-T5,S,S,F,RenaultMegane,MotorolaMotoG7Power,46387,18,2036.99,True,True,True,False,False,True,True,True,True,False,1000.0,14200,14249,True,0.455,False,,F,"14200 exact duplicate rows (31%) and a collapsed timebase (median dt 0.001s, 14249 duplicate timestamps): sample times are not recoverable without assumptions",False
S-T6,S,S,F,RenaultMegane,MotorolaMotoG7Power,86440,18,2510.86,True,True,True,False,False,True,True,True,True,False,1000.0,34593,34722,True,3.45,False,,F,"34593 exact duplicate rows (40%) and a collapsed timebase (median dt 0.001s, 34722 duplicate timestamps): sample times are not recoverable without assumptions",False
S-T7,S,S,F,RenaultMegane,MotorolaMotoG7Power,101690,18,10170.09,True,True,True,False,False,True,True,True,True,False,10.0,0,0,True,0.832,False,,C,"smartphone core IMU present but magnetometer and 3-axis orientation absent (18-column export, Driver F / Motorola moto G7 power): valid for the core schema",True
S-T8,S,S,F,RenaultMegane,MotorolaMotoG7Power,48344,18,4833.81,True,True,True,False,False,True,True,True,True,False,10.0,2,2,True,0.71,False,,C,"smartphone core IMU present but magnetometer and 3-axis orientation absent (18-column export, Driver F / Motorola moto G7 power): valid for the core schema",True
S-T9,S,S,F,RenaultMegane,MotorolaMotoG7Power,79909,18,7990.72,True,True,True,False,False,True,True,True,True,False,10.0,0,0,True,0.108,False,,C,"smartphone core IMU present but magnetometer and 3-axis orientation absent (18-column export, Driver F / Motorola moto G7 power): valid for the core schema",True
S-Vfa01,S,S,E,FordFiestaTitanium,HuaweiP20Pro,11486,24,1148.5,True,True,True,True,True,True,True,True,True,False,10.0,0,0,True,0.113,False,,B,full smartphone schema: core IMU plus magnetometer and 3-axis orientation,True
S-Vfa02,S,S,E,FordFiestaTitanium,HuaweiP20Pro,67523,24,6752.2,True,True,True,True,True,True,True,True,True,False,10.0,0,0,True,0.141,False,,B,full smartphone schema: core IMU plus magnetometer and 3-axis orientation,True
S-Vta10,S,S,E,FordFiestaTitanium,HuaweiP20Pro,1502,24,150.1,True,True,True,True,True,True,True,True,True,False,10.0,0,0,True,0.109,False,,B,full smartphone schema: core IMU plus magnetometer and 3-axis orientation,True
S-Vta11,S,S,E,FordFiestaTitanium,HuaweiP20Pro,510,24,50.9,True,True,True,True,True,True,True,True,True,False,10.0,0,0,True,0.102,False,,B,full smartphone schema: core IMU plus magnetometer and 3-axis orientation,True
S-Vta12,S,S,E,FordFiestaTitanium,HuaweiP20Pro,610,24,60.9,True,True,True,True,True,True,True,True,True,False,10.0,0,0,True,0.103,False,,B,full smartphone schema: core IMU plus magnetometer and 3-axis orientation,True
S-Vta13,S,S,E,FordFiestaTitanium,HuaweiP20Pro,404,24,40.3,True,True,True,True,True,True,True,True,True,False,10.0,0,0,True,0.104,False,,B,full smartphone schema: core IMU plus magnetometer and 3-axis orientation,True
S-Vta14,S,S,E,FordFiestaTitanium,HuaweiP20Pro,2885,24,288.4,True,True,True,True,True,True,True,True,True,False,10.0,0,0,True,0.105,False,,B,full smartphone schema: core IMU plus magnetometer and 3-axis orientation,True
S-Vta15,S,S,E,FordFiestaTitanium,HuaweiP20Pro,833,24,83.2,True,True,True,True,True,True,True,True,True,False,10.0,0,0,True,0.11,False,,B,full smartphone schema: core IMU plus magnetometer and 3-axis orientation,True
S-Vta16,S,S,E,FordFiestaTitanium,HuaweiP20Pro,11335,24,1133.4,True,True,True,True,True,True,True,True,True,False,10.0,0,0,True,0.11,False,,B,full smartphone schema: core IMU plus magnetometer and 3-axis orientation,True
S-Vta17,S,S,E,FordFiestaTitanium,HuaweiP20Pro,4519,24,452.99,True,True,True,True,True,True,True,True,True,False,10.0,0,0,True,1.284,False,,B,full smartphone schema: core IMU plus magnetometer and 3-axis orientation,True
S-Vta19,S,S,E,FordFiestaTitanium,HuaweiP20Pro,292,24,29.1,True,True,True,True,True,True,True,True,True,False,10.0,0,0,True,0.104,False,,B,full smartphone schema: core IMU plus magnetometer and 3-axis orientation,True
S-Vta1a,S,S,E,FordFiestaTitanium,HuaweiP20Pro,25676,24,2567.5,True,True,True,True,True,True,True,True,True,False,10.0,0,0,True,0.111,False,,B,full smartphone schema: core IMU plus magnetometer and 3-axis orientation,True
S-Vta1b,S,S,E,FordFiestaTitanium,HuaweiP20Pro,954,24,95.3,True,True,True,True,True,True,True,True,True,False,10.0,0,0,True,0.106,False,,B,full smartphone schema: core IMU plus magnetometer and 3-axis orientation,True
S-Vta2,S,S,E,FordFiestaTitanium,HuaweiP20Pro,10991,24,1099.0,True,True,True,True,True,True,True,True,True,False,10.0,0,0,True,0.108,False,,B,full smartphone schema: core IMU plus magnetometer and 3-axis orientation,True
S-Vta20,S,S,E,FordFiestaTitanium,HuaweiP20Pro,3223,24,322.2,True,True,True,True,True,True,True,True,True,False,10.0,0,0,True,0.105,False,,B,full smartphone schema: core IMU plus magnetometer and 3-axis orientation,True
S-Vta21,S,S,E,FordFiestaTitanium,HuaweiP20Pro,2079,24,207.8,True,True,True,True,True,True,True,True,True,False,10.0,0,0,True,0.104,False,,B,full smartphone schema: core IMU plus magnetometer and 3-axis orientation,True
S-Vta22,S,S,E,FordFiestaTitanium,HuaweiP20Pro,1564,24,156.3,True,True,True,True,True,True,True,True,True,False,10.0,0,0,True,0.104,False,,B,full smartphone schema: core IMU plus magnetometer and 3-axis orientation,True
S-Vta23,S,S,E,FordFiestaTitanium,HuaweiP20Pro,1110,24,110.9,True,True,True,True,True,True,True,True,True,False,10.0,0,0,True,0.104,False,,B,full smartphone schema: core IMU plus magnetometer and 3-axis orientation,True
S-Vta24,S,S,E,FordFiestaTitanium,HuaweiP20Pro,1171,24,117.0,True,True,True,True,True,True,True,True,True,False,10.0,0,0,True,0.104,False,,B,full smartphone schema: core IMU plus magnetometer and 3-axis orientation,True
S-Vta25,S,S,E,FordFiestaTitanium,HuaweiP20Pro,646,24,64.5,True,True,True,True,True,True,True,True,True,False,10.0,0,0,True,0.103,False,,B,full smartphone schema: core IMU plus magnetometer and 3-axis orientation,True
S-Vta26,S,S,E,FordFiestaTitanium,HuaweiP20Pro,1935,24,193.4,True,True,True,True,True,True,True,True,True,False,10.0,0,0,True,0.103,False,,B,full smartphone schema: core IMU plus magnetometer and 3-axis orientation,True
S-Vta27,S,S,E,FordFiestaTitanium,HuaweiP20Pro,2540,24,253.9,True,True,True,True,True,True,True,True,True,False,10.0,0,0,True,0.104,False,,B,full smartphone schema: core IMU plus magnetometer and 3-axis orientation,True
S-Vta28,S,S,E,FordFiestaTitanium,HuaweiP20Pro,4210,24,420.9,True,True,True,True,True,True,True,True,True,False,10.0,0,0,True,0.107,False,,B,full smartphone schema: core IMU plus magnetometer and 3-axis orientation,True
S-Vta29,S,S,E,FordFiestaTitanium,HuaweiP20Pro,23705,24,2369.78,True,True,True,True,True,True,True,True,True,False,10.0,4,4,True,0.111,False,,B,full smartphone schema: core IMU plus magnetometer and 3-axis orientation,True
S-Vta3,S,S,E,FordFiestaTitanium,HuaweiP20Pro,645,24,64.4,True,True,True,True,True,True,True,True,True,False,10.0,0,0,True,0.104,False,,B,full smartphone schema: core IMU plus magnetometer and 3-axis orientation,True
S-Vta30,S,S,E,FordFiestaTitanium,HuaweiP20Pro,17136,24,1713.5,True,True,True,True,True,True,True,True,True,False,10.0,0,0,True,0.134,False,,B,full smartphone schema: core IMU plus magnetometer and 3-axis orientation,True
S-Vta4,S,S,E,FordFiestaTitanium,HuaweiP20Pro,1789,24,178.8,True,True,True,True,True,True,True,True,True,False,10.0,0,0,True,0.104,False,,B,full smartphone schema: core IMU plus magnetometer and 3-axis orientation,True
S-Vta5,S,S,E,FordFiestaTitanium,HuaweiP20Pro,307,24,30.6,True,True,True,True,True,True,True,True,True,False,10.0,0,0,True,0.102,False,,B,full smartphone schema: core IMU plus magnetometer and 3-axis orientation,True
S-Vta6,S,S,E,FordFiestaTitanium,HuaweiP20Pro,1376,24,137.5,True,True,True,True,True,True,True,True,True,False,10.0,0,0,True,0.106,False,,B,full smartphone schema: core IMU plus magnetometer and 3-axis orientation,True
S-Vta7,S,S,E,FordFiestaTitanium,HuaweiP20Pro,840,24,83.9,True,True,True,True,True,True,True,True,True,False,10.0,0,0,True,0.108,False,,B,full smartphone schema: core IMU plus magnetometer and 3-axis orientation,True
S-Vta8,S,S,E,FordFiestaTitanium,HuaweiP20Pro,3676,24,367.5,True,True,True,True,True,True,True,True,True,False,10.0,0,0,True,0.108,False,,B,full smartphone schema: core IMU plus magnetometer and 3-axis orientation,True
S-Vta9,S,S,E,FordFiestaTitanium,HuaweiP20Pro,156,24,15.5,True,True,True,True,True,True,True,True,True,False,10.0,0,0,True,0.102,False,,B,full smartphone schema: core IMU plus magnetometer and 3-axis orientation,True
S-Vtb1,S,S,E,FordFiestaTitanium,HuaweiP20Pro,32459,24,3245.8,True,True,True,True,True,True,True,True,True,False,10.0,5370,5456,True,661.376,False,,B,full smartphone schema: core IMU plus magnetometer and 3-axis orientation,True
S-Vtb10,S,S,E,FordFiestaTitanium,HuaweiP20Pro,196,24,19.5,True,True,True,True,True,True,True,True,True,False,10.0,0,0,True,0.105,False,,B,full smartphone schema: core IMU plus magnetometer and 3-axis orientation,True
S-Vtb11,S,S,E,FordFiestaTitanium,HuaweiP20Pro,361,24,36.0,True,True,True,True,True,True,True,True,True,False,10.0,0,0,True,0.103,False,,B,full smartphone schema: core IMU plus magnetometer and 3-axis orientation,True
S-Vtb12,S,S,E,FordFiestaTitanium,HuaweiP20Pro,447,24,44.6,True,True,True,True,True,True,True,True,True,False,10.0,0,0,True,0.103,False,,B,full smartphone schema: core IMU plus magnetometer and 3-axis orientation,True
S-Vtb2,S,S,E,FordFiestaTitanium,HuaweiP20Pro,5712,24,571.1,True,True,True,True,True,True,True,True,True,False,10.0,0,0,True,0.107,False,,B,full smartphone schema: core IMU plus magnetometer and 3-axis orientation,True
S-Vtb3,S,S,E,FordFiestaTitanium,HuaweiP20Pro,8240,24,823.9,True,True,True,True,True,True,True,True,True,False,10.0,0,0,True,0.106,False,,B,full smartphone schema: core IMU plus magnetometer and 3-axis orientation,True
S-Vtb4,S,S,E,FordFiestaTitanium,HuaweiP20Pro,556,24,55.5,True,True,True,True,True,True,True,True,True,False,10.0,0,0,True,0.102,False,,B,full smartphone schema: core IMU plus magnetometer and 3-axis orientation,True
S-Vtb5,S,S,E,FordFiestaTitanium,HuaweiP20Pro,64388,24,6438.7,True,True,True,True,True,True,True,True,True,False,10.0,0,0,True,0.119,False,,B,full smartphone schema: core IMU plus magnetometer and 3-axis orientation,True
S-Vtb6,S,S,E,FordFiestaTitanium,HuaweiP20Pro,498,24,49.7,True,True,True,True,True,True,True,True,True,False,10.0,0,0,True,0.112,False,,B,full smartphone schema: core IMU plus magnetometer and 3-axis orientation,True
S-Vtb7,S,S,E,FordFiestaTitanium,HuaweiP20Pro,461,24,46.0,True,True,True,True,True,True,True,True,True,False,10.0,0,0,True,0.103,False,,B,full smartphone schema: core IMU plus magnetometer and 3-axis orientation,True
S-Vtb8,S,S,E,FordFiestaTitanium,HuaweiP20Pro,668,24,66.7,True,True,True,True,True,True,True,True,True,False,10.0,0,0,True,0.105,False,,B,full smartphone schema: core IMU plus magnetometer and 3-axis orientation,True
S-Vtb9,S,S,E,FordFiestaTitanium,HuaweiP20Pro,452,24,45.1,True,True,True,True,True,True,True,True,True,False,10.0,0,0,True,0.103,False,,B,full smartphone schema: core IMU plus magnetometer and 3-axis orientation,True
S-Vw1,S,S,E,FordFiestaTitanium,HuaweiP20Pro,20476,24,2047.5,True,True,True,True,True,True,True,True,True,False,10.0,0,0,True,0.115,False,,E,"stationary recording (GPS speed max 0.0 km/h, 99.4% of samples stationary): use for sensor-bias estimation, not motion training",False
S-Vw10,S,S,E,FordFiestaTitanium,HuaweiP20Pro,652,24,65.1,True,True,True,True,True,True,True,True,True,False,10.0,0,0,True,0.103,False,,B,full smartphone schema: core IMU plus magnetometer and 3-axis orientation,True
S-Vw11,S,S,E,FordFiestaTitanium,HuaweiP20Pro,4909,24,490.8,True,True,True,True,True,True,True,True,True,False,10.0,0,0,True,0.109,False,,B,full smartphone schema: core IMU plus magnetometer and 3-axis orientation,True
S-Vw12,S,S,E,FordFiestaTitanium,HuaweiP20Pro,918,24,91.7,True,True,True,True,True,True,True,True,True,False,10.0,0,0,True,0.104,False,,B,full smartphone schema: core IMU plus magnetometer and 3-axis orientation,True
S-Vw13,S,S,E,FordFiestaTitanium,HuaweiP20Pro,284,24,28.3,True,True,True,True,True,True,True,True,True,False,10.0,0,0,True,0.102,False,,B,full smartphone schema: core IMU plus magnetometer and 3-axis orientation,True
S-Vw14a,S,S,E,FordFiestaTitanium,HuaweiP20Pro,3138,24,313.7,True,True,True,True,True,True,True,True,True,False,10.0,0,0,True,0.106,False,,B,full smartphone schema: core IMU plus magnetometer and 3-axis orientation,True
S-Vw14b,S,S,E,FordFiestaTitanium,HuaweiP20Pro,19588,24,1958.7,True,True,True,True,True,True,True,True,True,False,10.0,0,0,True,0.109,False,,B,full smartphone schema: core IMU plus magnetometer and 3-axis orientation,True
S-Vw14c,S,S,E,FordFiestaTitanium,HuaweiP20Pro,15826,24,1582.5,True,True,True,True,True,True,True,True,True,False,10.0,0,0,True,0.112,False,,B,full smartphone schema: core IMU plus magnetometer and 3-axis orientation,True
S-Vw15,S,S,E,FordFiestaTitanium,HuaweiP20Pro,1380,24,137.9,True,True,True,True,True,True,True,True,True,False,10.0,0,0,True,0.102,False,,E,"stationary recording (GPS speed max 0.0 km/h, 97.7% of samples stationary): use for sensor-bias estimation, not motion training",False
S-Vw16a,S,S,E,FordFiestaTitanium,HuaweiP20Pro,5879,24,587.8,True,True,True,True,True,True,True,True,True,False,10.0,0,0,True,0.105,False,,B,full smartphone schema: core IMU plus magnetometer and 3-axis orientation,True
S-Vw16b,S,S,E,FordFiestaTitanium,HuaweiP20Pro,1126,24,112.5,True,True,True,True,True,True,True,True,True,False,10.0,0,0,True,0.103,False,,B,full smartphone schema: core IMU plus magnetometer and 3-axis orientation,True
S-Vw17,S,S,E,FordFiestaTitanium,HuaweiP20Pro,329,24,32.8,True,True,True,True,True,True,True,True,True,False,10.0,0,0,True,0.103,False,,B,full smartphone schema: core IMU plus magnetometer and 3-axis orientation,True
S-Vw2,S,S,E,FordFiestaTitanium,HuaweiP20Pro,52713,24,5271.2,True,True,True,True,True,True,True,True,True,False,10.0,0,0,True,0.123,False,,B,full smartphone schema: core IMU plus magnetometer and 3-axis orientation,True
S-Vw3,S,S,E,FordFiestaTitanium,HuaweiP20Pro,3861,24,386.0,True,True,True,True,True,True,True,True,True,False,10.0,0,0,True,0.105,False,,B,full smartphone schema: core IMU plus magnetometer and 3-axis orientation,True
S-Vw4,S,S,E,FordFiestaTitanium,HuaweiP20Pro,126526,24,12652.5,True,True,True,True,True,True,True,True,True,False,10.0,0,0,True,0.124,False,,B,full smartphone schema: core IMU plus magnetometer and 3-axis orientation,True
S-Vw5,S,S,E,FordFiestaTitanium,HuaweiP20Pro,1012,24,101.1,True,True,True,True,True,True,True,True,True,False,10.0,0,0,True,0.103,False,,B,full smartphone schema: core IMU plus magnetometer and 3-axis orientation,True
S-Vw6,S,S,E,FordFiestaTitanium,HuaweiP20Pro,1281,24,128.0,True,True,True,True,True,True,True,True,True,False,10.0,0,0,True,0.103,False,,B,full smartphone schema: core IMU plus magnetometer and 3-axis orientation,True
S-Vw7,S,S,E,FordFiestaTitanium,HuaweiP20Pro,1602,24,160.1,True,True,True,True,True,True,True,True,True,False,10.0,0,0,True,0.106,False,,B,full smartphone schema: core IMU plus magnetometer and 3-axis orientation,True
S-Vw8,S,S,E,FordFiestaTitanium,HuaweiP20Pro,1529,24,152.8,True,True,True,True,True,True,True,True,True,False,10.0,0,0,True,0.105,False,,B,full smartphone schema: core IMU plus magnetometer and 3-axis orientation,True
S-Vw9,S,S,E,FordFiestaTitanium,HuaweiP20Pro,552,24,55.1,True,True,True,True,True,True,True,True,True,False,10.0,0,0,True,0.103,False,,B,full smartphone schema: core IMU plus magnetometer and 3-axis orientation,True
S-Y1,S,S,D,FordFiestaTitanium,HuaweiP20Pro,70285,24,6690.8,True,True,True,True,True,True,True,True,True,False,10.0,0,1,False,0.112,False,,B,full smartphone schema: core IMU plus magnetometer and 3-axis orientation,True
V-M,V_full,V,B,FordFiestaTitanium,,105995,29,10599.4,False,False,False,False,False,True,False,True,True,True,10.0,1,1,True,0.2,False,,D,"vehicle/VBOX/ECU schema (29 ECU channels, no smartphone IMU); must never be row-concatenated with smartphone data",False
V-M,V_sync,V,B,FordFiestaTitanium,,105974,29,10597.3,False,False,False,False,False,True,False,True,True,True,10.0,1,1,True,0.2,False,,D,"vehicle/VBOX/ECU schema (29 ECU channels, no smartphone IMU); must never be row-concatenated with smartphone data",False
V-S1,V_full,V,A,FordFiestaTitanium,,51790,29,5178.9,False,False,False,False,False,True,False,True,True,True,10.0,0,0,True,0.101,False,,D,"vehicle/VBOX/ECU schema (29 ECU channels, no smartphone IMU); must never be row-concatenated with smartphone data",False
V-S1,V_sync,V,A,FordFiestaTitanium,,51746,29,5174.5,False,False,False,False,False,True,False,True,True,True,10.0,0,0,True,0.101,False,,D,"vehicle/VBOX/ECU schema (29 ECU channels, no smartphone IMU); must never be row-concatenated with smartphone data",False
V-S2,V_full,V,A,FordFiestaTitanium,,93900,29,9389.9,False,False,False,False,False,True,False,True,True,True,10.0,0,0,True,0.101,False,,D,"vehicle/VBOX/ECU schema (29 ECU channels, no smartphone IMU); must never be row-concatenated with smartphone data",False
V-S2,V_sync,V,A,FordFiestaTitanium,,93876,29,9387.5,False,False,False,False,False,True,False,True,True,True,10.0,0,0,True,0.101,False,,D,"vehicle/VBOX/ECU schema (29 ECU channels, no smartphone IMU); must never be row-concatenated with smartphone data",False
V-S3a,V_full,V,A,FordFiestaTitanium,,24660,29,2465.9,False,False,False,False,False,True,False,True,True,True,10.0,0,0,True,0.1,False,,D,"vehicle/VBOX/ECU schema (29 ECU channels, no smartphone IMU); must never be row-concatenated with smartphone data",False
V-S3a,V_sync,V,A,FordFiestaTitanium,,24621,29,2462.0,False,False,False,False,False,True,False,True,True,True,10.0,0,0,True,0.1,False,,D,"vehicle/VBOX/ECU schema (29 ECU channels, no smartphone IMU); must never be row-concatenated with smartphone data",False
V-S3b,V_full,V,A,FordFiestaTitanium,,6840,29,683.9,False,False,False,False,False,True,False,True,True,True,10.0,0,0,True,0.1,False,,D,"vehicle/VBOX/ECU schema (29 ECU channels, no smartphone IMU); must never be row-concatenated with smartphone data",False
V-S3b,V_sync,V,A,FordFiestaTitanium,,6813,29,681.2,False,False,False,False,False,True,False,True,True,True,10.0,0,0,True,0.1,False,,D,"vehicle/VBOX/ECU schema (29 ECU channels, no smartphone IMU); must never be row-concatenated with smartphone data",False
V-S3c,V_full,V,A,FordFiestaTitanium,,37220,29,3721.9,False,False,False,False,False,True,False,True,True,True,10.0,0,0,True,0.101,False,,D,"vehicle/VBOX/ECU schema (29 ECU channels, no smartphone IMU); must never be row-concatenated with smartphone data",False
V-S3c,V_sync,V,A,FordFiestaTitanium,,37183,29,3718.2,False,False,False,False,False,True,False,True,True,True,10.0,0,0,True,0.101,False,,D,"vehicle/VBOX/ECU schema (29 ECU channels, no smartphone IMU); must never be row-concatenated with smartphone data",False
V-S4,V_full,V,A,FordFiestaTitanium,,97824,29,9782.3,False,False,False,False,False,True,False,True,True,True,10.0,0,0,True,0.101,False,,D,"vehicle/VBOX/ECU schema (29 ECU channels, no smartphone IMU); must never be row-concatenated with smartphone data",False
V-S4,V_sync,V,A,FordFiestaTitanium,,94600,29,9459.9,False,False,False,False,False,True,False,True,True,True,10.0,0,0,True,0.101,False,,D,"vehicle/VBOX/ECU schema (29 ECU channels, no smartphone IMU); must never be row-concatenated with smartphone data",False
V-St1,V_full,V,C,FordFiestaTitanium,,57213,29,5721.2,False,False,False,False,False,True,False,True,True,True,10.0,0,0,True,0.1,False,,D,"vehicle/VBOX/ECU schema (29 ECU channels, no smartphone IMU); must never be row-concatenated with smartphone data",False
V-St4,V_full,V,C,FordFiestaTitanium,,13591,29,1359.0,False,False,False,False,False,True,False,True,True,True,10.0,1,1,True,0.2,False,,D,"vehicle/VBOX/ECU schema (29 ECU channels, no smartphone IMU); must never be row-concatenated with smartphone data",False
V-St6,V_full,V,C,FordFiestaTitanium,,51360,29,5135.9,False,False,False,False,False,True,False,True,True,True,10.0,0,0,True,0.1,False,,D,"vehicle/VBOX/ECU schema (29 ECU channels, no smartphone IMU); must never be row-concatenated with smartphone data",False
V-St7,V_full,V,C,FordFiestaTitanium,,44427,29,4509.7,False,False,False,False,False,True,False,True,True,True,10.0,0,450,True,5.1,False,,D,"vehicle/VBOX/ECU schema (29 ECU channels, no smartphone IMU); must never be row-concatenated with smartphone data",False
V-Vfa01,V_full,V,E,FordFiestaTitanium,,11535,29,1153.4,False,False,False,False,False,True,False,True,True,True,10.0,0,0,True,0.1,False,,D,"vehicle/VBOX/ECU schema (29 ECU channels, no smartphone IMU); must never be row-concatenated with smartphone data",False
V-Vfa01,V_sync,V,E,FordFiestaTitanium,,11535,29,1153.4,False,False,False,False,False,True,False,True,True,True,10.0,0,0,True,0.1,False,,D,"vehicle/VBOX/ECU schema (29 ECU channels, no smartphone IMU); must never be row-concatenated with smartphone data",False
V-Vfa02,V_full,V,E,FordFiestaTitanium,,67755,29,6775.4,False,False,False,False,False,True,False,True,True,True,10.0,0,0,True,0.101,False,,D,"vehicle/VBOX/ECU schema (29 ECU channels, no smartphone IMU); must never be row-concatenated with smartphone data",False
V-Vfa02,V_sync,V,E,FordFiestaTitanium,,67755,29,6775.4,False,False,False,False,False,True,False,True,True,True,10.0,0,0,True,0.101,False,,D,"vehicle/VBOX/ECU schema (29 ECU channels, no smartphone IMU); must never be row-concatenated with smartphone data",False
V-Vfb01a,V_full,V,E,FordFiestaTitanium,,17000,29,1699.9,False,False,False,False,False,True,False,True,True,True,10.0,0,0,True,0.101,False,,D,"vehicle/VBOX/ECU schema (29 ECU channels, no smartphone IMU); must never be row-concatenated with smartphone data",False
V-Vfb01b,V_full,V,E,FordFiestaTitanium,,3880,29,387.9,False,False,False,False,False,True,False,True,True,True,10.0,0,0,True,0.1,False,,D,"vehicle/VBOX/ECU schema (29 ECU channels, no smartphone IMU); must never be row-concatenated with smartphone data",False
V-Vfb01c,V_full,V,E,FordFiestaTitanium,,6320,29,631.9,False,False,False,False,False,True,False,True,True,True,10.0,0,0,True,0.1,False,,D,"vehicle/VBOX/ECU schema (29 ECU channels, no smartphone IMU); must never be row-concatenated with smartphone data",False
V-Vfb01d,V_full,V,E,FordFiestaTitanium,,10713,29,1071.2,False,False,False,False,False,True,False,True,True,True,10.0,0,0,True,0.1,False,,D,"vehicle/VBOX/ECU schema (29 ECU channels, no smartphone IMU); must never be row-concatenated with smartphone data",False
V-Vfb02a,V_full,V,E,FordFiestaTitanium,,35960,29,3595.9,False,False,False,False,False,True,False,True,True,True,10.0,0,0,True,0.101,False,,D,"vehicle/VBOX/ECU schema (29 ECU channels, no smartphone IMU); must never be row-concatenated with smartphone data",False
V-Vfb02b,V_full,V,E,FordFiestaTitanium,,11000,29,1099.9,False,False,False,False,False,True,False,True,True,True,10.0,0,0,True,0.1,False,,D,"vehicle/VBOX/ECU schema (29 ECU channels, no smartphone IMU); must never be row-concatenated with smartphone data",False
V-Vfb02c,V_full,V,E,FordFiestaTitanium,,640,29,63.9,False,False,False,False,False,True,False,True,True,True,10.0,0,0,True,0.1,False,,D,"vehicle/VBOX/ECU schema (29 ECU channels, no smartphone IMU); must never be row-concatenated with smartphone data",False
V-Vfb02d,V_full,V,E,FordFiestaTitanium,,880,29,87.9,False,False,False,False,False,True,False,True,True,True,10.0,0,0,True,0.1,False,,D,"vehicle/VBOX/ECU schema (29 ECU channels, no smartphone IMU); must never be row-concatenated with smartphone data",False
V-Vfb02e,V_full,V,E,FordFiestaTitanium,,980,29,97.9,False,False,False,False,False,True,False,True,True,True,10.0,0,0,True,0.1,False,,D,"vehicle/VBOX/ECU schema (29 ECU channels, no smartphone IMU); must never be row-concatenated with smartphone data",False
V-Vfb02f,V_full,V,E,FordFiestaTitanium,,660,29,65.9,False,False,False,False,False,True,False,True,True,True,10.0,0,0,True,0.1,False,,D,"vehicle/VBOX/ECU schema (29 ECU channels, no smartphone IMU); must never be row-concatenated with smartphone data",False
V-Vfb02g,V_full,V,E,FordFiestaTitanium,,27159,29,2715.8,False,False,False,False,False,True,False,True,True,True,10.0,0,0,True,0.1,False,,D,"vehicle/VBOX/ECU schema (29 ECU channels, no smartphone IMU); must never be row-concatenated with smartphone data",False
V-Vta10,V_full,V,E,FordFiestaTitanium,,1570,29,156.9,False,False,False,False,False,True,False,True,True,True,10.0,0,0,True,0.1,False,,D,"vehicle/VBOX/ECU schema (29 ECU channels, no smartphone IMU); must never be row-concatenated with smartphone data",False
V-vta10,V_sync,V,E,FordFiestaTitanium,,1502,29,150.1,False,False,False,False,False,True,False,True,True,True,10.0,0,0,True,0.1,False,,D,"vehicle/VBOX/ECU schema (29 ECU channels, no smartphone IMU); must never be row-concatenated with smartphone data",False
V-Vta11,V_full,V,E,FordFiestaTitanium,,589,29,58.8,False,False,False,False,False,True,False,True,True,True,10.0,0,0,True,0.1,False,,D,"vehicle/VBOX/ECU schema (29 ECU channels, no smartphone IMU); must never be row-concatenated with smartphone data",False
V-vta11,V_sync,V,E,FordFiestaTitanium,,510,29,50.9,False,False,False,False,False,True,False,True,True,True,10.0,0,0,True,0.1,False,,D,"vehicle/VBOX/ECU schema (29 ECU channels, no smartphone IMU); must never be row-concatenated with smartphone data",False
V-Vta12,V_full,V,E,FordFiestaTitanium,,690,29,68.9,False,False,False,False,False,True,False,True,True,True,10.0,0,0,True,0.1,False,,D,"vehicle/VBOX/ECU schema (29 ECU channels, no smartphone IMU); must never be row-concatenated with smartphone data",False
V-vta12,V_sync,V,E,FordFiestaTitanium,,610,29,60.9,False,False,False,False,False,True,False,True,True,True,10.0,0,0,True,0.1,False,,D,"vehicle/VBOX/ECU schema (29 ECU channels, no smartphone IMU); must never be row-concatenated with smartphone data",False
V-Vta13,V_full,V,E,FordFiestaTitanium,,473,29,47.2,False,False,False,False,False,True,False,True,True,True,10.0,0,0,True,0.1,False,,D,"vehicle/VBOX/ECU schema (29 ECU channels, no smartphone IMU); must never be row-concatenated with smartphone data",False
V-vta13,V_sync,V,E,FordFiestaTitanium,,404,29,40.3,False,False,False,False,False,True,False,True,True,True,10.0,0,0,True,0.1,False,,D,"vehicle/VBOX/ECU schema (29 ECU channels, no smartphone IMU); must never be row-concatenated with smartphone data",False
V-Vta14,V_full,V,E,FordFiestaTitanium,,2893,29,289.2,False,False,False,False,False,True,False,True,True,True,10.0,0,0,True,0.1,False,,D,"vehicle/VBOX/ECU schema (29 ECU channels, no smartphone IMU); must never be row-concatenated with smartphone data",False
V-vta14,V_sync,V,E,FordFiestaTitanium,,2885,29,288.4,False,False,False,False,False,True,False,True,True,True,10.0,0,0,True,0.1,False,,D,"vehicle/VBOX/ECU schema (29 ECU channels, no smartphone IMU); must never be row-concatenated with smartphone data",False
V-Vta15,V_full,V,E,FordFiestaTitanium,,869,29,86.8,False,False,False,False,False,True,False,True,True,True,10.0,0,0,True,0.1,False,,D,"vehicle/VBOX/ECU schema (29 ECU channels, no smartphone IMU); must never be row-concatenated with smartphone data",False
V-vta15,V_sync,V,E,FordFiestaTitanium,,833,29,83.2,False,False,False,False,False,True,False,True,True,True,10.0,0,0,True,0.1,False,,D,"vehicle/VBOX/ECU schema (29 ECU channels, no smartphone IMU); must never be row-concatenated with smartphone data",False
V-Vta16,V_full,V,E,FordFiestaTitanium,,11361,29,1136.0,False,False,False,False,False,True,False,True,True,True,10.0,0,0,True,0.101,False,,D,"vehicle/VBOX/ECU schema (29 ECU channels, no smartphone IMU); must never be row-concatenated with smartphone data",False
V-vta16,V_sync,V,E,FordFiestaTitanium,,11335,29,1133.4,False,False,False,False,False,True,False,True,True,True,10.0,0,0,True,0.101,False,,D,"vehicle/VBOX/ECU schema (29 ECU channels, no smartphone IMU); must never be row-concatenated with smartphone data",False
V-Vta17,V_full,V,E,FordFiestaTitanium,,4594,29,459.3,False,False,False,False,False,True,False,True,True,True,10.0,0,0,True,0.1,False,,D,"vehicle/VBOX/ECU schema (29 ECU channels, no smartphone IMU); must never be row-concatenated with smartphone data",False
V-vta17,V_sync,V,E,FordFiestaTitanium,,4519,29,451.8,False,False,False,False,False,True,False,True,True,True,10.0,0,0,True,0.1,False,,D,"vehicle/VBOX/ECU schema (29 ECU channels, no smartphone IMU); must never be row-concatenated with smartphone data",False
V-Vta18,V_full,V,E,FordFiestaTitanium,,100,29,9.9,False,False,False,False,False,True,False,True,True,True,10.0,0,0,True,0.1,False,,D,"vehicle/VBOX/ECU schema (29 ECU channels, no smartphone IMU); must never be row-concatenated with smartphone data",False
V-Vta19,V_full,V,E,FordFiestaTitanium,,310,29,30.9,False,False,False,False,False,True,False,True,True,True,10.0,0,0,True,0.1,False,,D,"vehicle/VBOX/ECU schema (29 ECU channels, no smartphone IMU); must never be row-concatenated with smartphone data",False
V-vta19,V_sync,V,E,FordFiestaTitanium,,292,29,29.1,False,False,False,False,False,True,False,True,True,True,10.0,0,0,True,0.1,False,,D,"vehicle/VBOX/ECU schema (29 ECU channels, no smartphone IMU); must never be row-concatenated with smartphone data",False
V-Vta1a,V_full,V,E,FordFiestaTitanium,,25821,29,2582.0,False,False,False,False,False,True,False,True,True,True,10.0,0,0,True,0.1,False,,D,"vehicle/VBOX/ECU schema (29 ECU channels, no smartphone IMU); must never be row-concatenated with smartphone data",False
V-Vta1a,V_sync,V,E,FordFiestaTitanium,,25676,29,2567.5,False,False,False,False,False,True,False,True,True,True,10.0,0,0,True,0.1,False,,D,"vehicle/VBOX/ECU schema (29 ECU channels, no smartphone IMU); must never be row-concatenated with smartphone data",False
V-Vta1b,V_full,V,E,FordFiestaTitanium,,956,29,95.5,False,False,False,False,False,True,False,True,True,True,10.0,0,0,True,0.1,False,,D,"vehicle/VBOX/ECU schema (29 ECU channels, no smartphone IMU); must never be row-concatenated with smartphone data",False
V-Vta1b,V_sync,V,E,FordFiestaTitanium,,953,29,95.2,False,False,False,False,False,True,False,True,True,True,10.0,0,0,True,0.1,False,,D,"vehicle/VBOX/ECU schema (29 ECU channels, no smartphone IMU); must never be row-concatenated with smartphone data",False
V-Vta2,V_full,V,E,FordFiestaTitanium,,10995,29,1099.4,False,False,False,False,False,True,False,True,True,True,10.0,0,0,True,0.1,False,,D,"vehicle/VBOX/ECU schema (29 ECU channels, no smartphone IMU); must never be row-concatenated with smartphone data",False
V-vta2,V_sync,V,E,FordFiestaTitanium,,10991,29,1099.0,False,False,False,False,False,True,False,True,True,True,10.0,0,0,True,0.1,False,,D,"vehicle/VBOX/ECU schema (29 ECU channels, no smartphone IMU); must never be row-concatenated with smartphone data",False
V-Vta20,V_full,V,E,FordFiestaTitanium,,3223,29,322.2,False,False,False,False,False,True,False,True,True,True,10.0,0,0,True,0.1,False,,D,"vehicle/VBOX/ECU schema (29 ECU channels, no smartphone IMU); must never be row-concatenated with smartphone data",False
V-vta20,V_sync,V,E,FordFiestaTitanium,,3223,29,322.2,False,False,False,False,False,True,False,True,True,True,10.0,0,0,True,0.1,False,,D,"vehicle/VBOX/ECU schema (29 ECU channels, no smartphone IMU); must never be row-concatenated with smartphone data",False
V-Vta21,V_full,V,E,FordFiestaTitanium,,2088,29,208.7,False,False,False,False,False,True,False,True,True,True,10.0,0,0,True,0.1,False,,D,"vehicle/VBOX/ECU schema (29 ECU channels, no smartphone IMU); must never be row-concatenated with smartphone data",False
V-vta21,V_sync,V,E,FordFiestaTitanium,,2079,29,207.8,False,False,False,False,False,True,False,True,True,True,10.0,0,0,True,0.1,False,,D,"vehicle/VBOX/ECU schema (29 ECU channels, no smartphone IMU); must never be row-concatenated with smartphone data",False
V-Vta22,V_full,V,E,FordFiestaTitanium,,1572,29,157.1,False,False,False,False,False,True,False,True,True,True,10.0,0,0,True,0.1,False,,D,"vehicle/VBOX/ECU schema (29 ECU channels, no smartphone IMU); must never be row-concatenated with smartphone data",False
V-vta22,V_sync,V,E,FordFiestaTitanium,,1564,29,156.3,False,False,False,False,False,True,False,True,True,True,10.0,0,0,True,0.1,False,,D,"vehicle/VBOX/ECU schema (29 ECU channels, no smartphone IMU); must never be row-concatenated with smartphone data",False
V-Vta23,V_full,V,E,FordFiestaTitanium,,1119,29,111.8,False,False,False,False,False,True,False,True,True,True,10.0,0,0,True,0.1,False,,D,"vehicle/VBOX/ECU schema (29 ECU channels, no smartphone IMU); must never be row-concatenated with smartphone data",False
V-vta23,V_sync,V,E,FordFiestaTitanium,,1110,29,110.9,False,False,False,False,False,True,False,True,True,True,10.0,0,0,True,0.1,False,,D,"vehicle/VBOX/ECU schema (29 ECU channels, no smartphone IMU); must never be row-concatenated with smartphone data",False
V-Vta24,V_full,V,E,FordFiestaTitanium,,1184,29,118.3,False,False,False,False,False,True,False,True,True,True,10.0,0,0,True,0.1,False,,D,"vehicle/VBOX/ECU schema (29 ECU channels, no smartphone IMU); must never be row-concatenated with smartphone data",False
V-vta24,V_sync,V,E,FordFiestaTitanium,,1171,29,117.0,False,False,False,False,False,True,False,True,True,True,10.0,0,0,True,0.1,False,,D,"vehicle/VBOX/ECU schema (29 ECU channels, no smartphone IMU); must never be row-concatenated with smartphone data",False
V-Vta25,V_full,V,E,FordFiestaTitanium,,646,29,64.5,False,False,False,False,False,True,False,True,True,True,10.0,0,0,True,0.1,False,,D,"vehicle/VBOX/ECU schema (29 ECU channels, no smartphone IMU); must never be row-concatenated with smartphone data",False
V-vta25,V_sync,V,E,FordFiestaTitanium,,646,29,64.5,False,False,False,False,False,True,False,True,True,True,10.0,0,0,True,0.1,False,,D,"vehicle/VBOX/ECU schema (29 ECU channels, no smartphone IMU); must never be row-concatenated with smartphone data",False
V-Vta26,V_full,V,E,FordFiestaTitanium,,1947,29,194.6,False,False,False,False,False,True,False,True,True,True,10.0,0,0,True,0.1,False,,D,"vehicle/VBOX/ECU schema (29 ECU channels, no smartphone IMU); must never be row-concatenated with smartphone data",False
V-vta26,V_sync,V,E,FordFiestaTitanium,,1935,29,193.4,False,False,False,False,False,True,False,True,True,True,10.0,0,0,True,0.1,False,,D,"vehicle/VBOX/ECU schema (29 ECU channels, no smartphone IMU); must never be row-concatenated with smartphone data",False
V-Vta27,V_full,V,E,FordFiestaTitanium,,2853,29,285.2,False,False,False,False,False,True,False,True,True,True,10.0,0,0,True,0.1,False,,D,"vehicle/VBOX/ECU schema (29 ECU channels, no smartphone IMU); must never be row-concatenated with smartphone data",False
V-vta27,V_sync,V,E,FordFiestaTitanium,,2540,29,253.9,False,False,False,False,False,True,False,True,True,True,10.0,0,0,True,0.1,False,,D,"vehicle/VBOX/ECU schema (29 ECU channels, no smartphone IMU); must never be row-concatenated with smartphone data",False
V-Vta28,V_full,V,E,FordFiestaTitanium,,4219,29,421.8,False,False,False,False,False,True,False,True,True,True,10.0,0,0,True,0.1,False,,D,"vehicle/VBOX/ECU schema (29 ECU channels, no smartphone IMU); must never be row-concatenated with smartphone data",False
V-vta28,V_sync,V,E,FordFiestaTitanium,,4210,29,420.9,False,False,False,False,False,True,False,True,True,True,10.0,0,0,True,0.1,False,,D,"vehicle/VBOX/ECU schema (29 ECU channels, no smartphone IMU); must never be row-concatenated with smartphone data",False
V-Vta29,V_full,V,E,FordFiestaTitanium,,23737,29,2373.6,False,False,False,False,False,True,False,True,True,True,10.0,0,0,True,0.101,False,,D,"vehicle/VBOX/ECU schema (29 ECU channels, no smartphone IMU); must never be row-concatenated with smartphone data",False
V-vta29,V_sync,V,E,FordFiestaTitanium,,23705,29,2370.4,False,False,False,False,False,True,False,True,True,True,10.0,0,0,True,0.101,False,,D,"vehicle/VBOX/ECU schema (29 ECU channels, no smartphone IMU); must never be row-concatenated with smartphone data",False
V-Vta3,V_full,V,E,FordFiestaTitanium,,875,29,87.4,False,False,False,False,False,True,False,True,True,True,10.0,0,0,True,0.1,False,,D,"vehicle/VBOX/ECU schema (29 ECU channels, no smartphone IMU); must never be row-concatenated with smartphone data",False
V-vta3,V_sync,V,E,FordFiestaTitanium,,645,29,64.4,False,False,False,False,False,True,False,True,True,True,10.0,0,0,True,0.1,False,,D,"vehicle/VBOX/ECU schema (29 ECU channels, no smartphone IMU); must never be row-concatenated with smartphone data",False
V-Vta30,V_full,V,E,FordFiestaTitanium,,17179,29,1717.8,False,False,False,False,False,True,False,True,True,True,10.0,0,0,True,0.1,False,,D,"vehicle/VBOX/ECU schema (29 ECU channels, no smartphone IMU); must never be row-concatenated with smartphone data",False
V-vta30,V_sync,V,E,FordFiestaTitanium,,17136,29,1713.5,False,False,False,False,False,True,False,True,True,True,10.0,0,0,True,0.1,False,,D,"vehicle/VBOX/ECU schema (29 ECU channels, no smartphone IMU); must never be row-concatenated with smartphone data",False
V-Vta4,V_full,V,E,FordFiestaTitanium,,1809,29,180.8,False,False,False,False,False,True,False,True,True,True,10.0,0,0,True,0.1,False,,D,"vehicle/VBOX/ECU schema (29 ECU channels, no smartphone IMU); must never be row-concatenated with smartphone data",False
V-vta4,V_sync,V,E,FordFiestaTitanium,,1789,29,178.8,False,False,False,False,False,True,False,True,True,True,10.0,0,0,True,0.1,False,,D,"vehicle/VBOX/ECU schema (29 ECU channels, no smartphone IMU); must never be row-concatenated with smartphone data",False
V-Vta5,V_full,V,E,FordFiestaTitanium,,357,29,35.6,False,False,False,False,False,True,False,True,True,True,10.0,0,0,True,0.1,False,,D,"vehicle/VBOX/ECU schema (29 ECU channels, no smartphone IMU); must never be row-concatenated with smartphone data",False
V-vta5,V_sync,V,E,FordFiestaTitanium,,307,29,30.6,False,False,False,False,False,True,False,True,True,True,10.0,0,0,True,0.1,False,,D,"vehicle/VBOX/ECU schema (29 ECU channels, no smartphone IMU); must never be row-concatenated with smartphone data",False
V-Vta6,V_full,V,E,FordFiestaTitanium,,1393,29,139.2,False,False,False,False,False,True,False,True,True,True,10.0,0,0,True,0.1,False,,D,"vehicle/VBOX/ECU schema (29 ECU channels, no smartphone IMU); must never be row-concatenated with smartphone data",False
V-vta6,V_sync,V,E,FordFiestaTitanium,,1376,29,137.5,False,False,False,False,False,True,False,True,True,True,10.0,0,0,True,0.1,False,,D,"vehicle/VBOX/ECU schema (29 ECU channels, no smartphone IMU); must never be row-concatenated with smartphone data",False
V-Vta7,V_full,V,E,FordFiestaTitanium,,857,29,85.6,False,False,False,False,False,True,False,True,True,True,10.0,0,0,True,0.1,False,,D,"vehicle/VBOX/ECU schema (29 ECU channels, no smartphone IMU); must never be row-concatenated with smartphone data",False
V-vta7,V_sync,V,E,FordFiestaTitanium,,840,29,83.9,False,False,False,False,False,True,False,True,True,True,10.0,0,0,True,0.1,False,,D,"vehicle/VBOX/ECU schema (29 ECU channels, no smartphone IMU); must never be row-concatenated with smartphone data",False
V-Vta8,V_full,V,E,FordFiestaTitanium,,3697,29,369.6,False,False,False,False,False,True,False,True,True,True,10.0,0,0,True,0.1,False,,D,"vehicle/VBOX/ECU schema (29 ECU channels, no smartphone IMU); must never be row-concatenated with smartphone data",False
V-vta8,V_sync,V,E,FordFiestaTitanium,,3676,29,367.5,False,False,False,False,False,True,False,True,True,True,10.0,0,0,True,0.1,False,,D,"vehicle/VBOX/ECU schema (29 ECU channels, no smartphone IMU); must never be row-concatenated with smartphone data",False
V-Vta9,V_full,V,E,FordFiestaTitanium,,226,29,22.5,False,False,False,False,False,True,False,True,True,True,10.0,0,0,True,0.1,False,,D,"vehicle/VBOX/ECU schema (29 ECU channels, no smartphone IMU); must never be row-concatenated with smartphone data",False
V-vta9,V_sync,V,E,FordFiestaTitanium,,156,29,15.5,False,False,False,False,False,True,False,True,True,True,10.0,0,0,True,0.1,False,,D,"vehicle/VBOX/ECU schema (29 ECU channels, no smartphone IMU); must never be row-concatenated with smartphone data",False
V-Vtb1,V_full,V,E,FordFiestaTitanium,,32459,29,3245.8,False,False,False,False,False,True,False,True,True,True,10.0,0,0,True,0.101,False,,D,"vehicle/VBOX/ECU schema (29 ECU channels, no smartphone IMU); must never be row-concatenated with smartphone data",False
V-vtb1,V_sync,V,E,FordFiestaTitanium,,32459,29,3245.8,False,False,False,False,False,True,False,True,True,True,10.0,0,0,True,0.101,False,,D,"vehicle/VBOX/ECU schema (29 ECU channels, no smartphone IMU); must never be row-concatenated with smartphone data",False
V-Vtb10,V_full,V,E,FordFiestaTitanium,,195,29,19.4,False,False,False,False,False,True,False,True,True,True,10.0,0,0,True,0.1,False,,D,"vehicle/VBOX/ECU schema (29 ECU channels, no smartphone IMU); must never be row-concatenated with smartphone data",False
V-vtb10,V_sync,V,E,FordFiestaTitanium,,195,29,19.4,False,False,False,False,False,True,False,True,True,True,10.0,0,0,True,0.1,False,,D,"vehicle/VBOX/ECU schema (29 ECU channels, no smartphone IMU); must never be row-concatenated with smartphone data",False
V-Vtb11,V_full,V,E,FordFiestaTitanium,,433,29,43.2,False,False,False,False,False,True,False,True,True,True,10.0,0,0,True,0.1,False,,D,"vehicle/VBOX/ECU schema (29 ECU channels, no smartphone IMU); must never be row-concatenated with smartphone data",False
V-vtb11,V_sync,V,E,FordFiestaTitanium,,361,29,36.0,False,False,False,False,False,True,False,True,True,True,10.0,0,0,True,0.1,False,,D,"vehicle/VBOX/ECU schema (29 ECU channels, no smartphone IMU); must never be row-concatenated with smartphone data",False
V-Vtb12,V_full,V,E,FordFiestaTitanium,,490,29,48.9,False,False,False,False,False,True,False,True,True,True,10.0,0,0,True,0.1,False,,D,"vehicle/VBOX/ECU schema (29 ECU channels, no smartphone IMU); must never be row-concatenated with smartphone data",False
V-vtb12,V_sync,V,E,FordFiestaTitanium,,447,29,44.6,False,False,False,False,False,True,False,True,True,True,10.0,0,0,True,0.1,False,,D,"vehicle/VBOX/ECU schema (29 ECU channels, no smartphone IMU); must never be row-concatenated with smartphone data",False
V-Vtb13,V_full,V,E,FordFiestaTitanium,,1245,29,124.4,False,False,False,False,False,True,False,True,True,True,10.0,0,0,True,0.1,False,,D,"vehicle/VBOX/ECU schema (29 ECU channels, no smartphone IMU); must never be row-concatenated with smartphone data",False
V-Vtb2,V_full,V,E,FordFiestaTitanium,,5712,29,571.1,False,False,False,False,False,True,False,True,True,True,10.0,1,1,True,0.2,False,,D,"vehicle/VBOX/ECU schema (29 ECU channels, no smartphone IMU); must never be row-concatenated with smartphone data",False
V-vtb2,V_sync,V,E,FordFiestaTitanium,,5712,29,571.1,False,False,False,False,False,True,False,True,True,True,10.0,1,1,True,0.2,False,,D,"vehicle/VBOX/ECU schema (29 ECU channels, no smartphone IMU); must never be row-concatenated with smartphone data",False
V-Vtb3,V_full,V,E,FordFiestaTitanium,,8289,29,828.8,False,False,False,False,False,True,False,True,True,True,10.0,0,0,True,0.1,False,,D,"vehicle/VBOX/ECU schema (29 ECU channels, no smartphone IMU); must never be row-concatenated with smartphone data",False
V-vtb3,V_sync,V,E,FordFiestaTitanium,,8240,29,823.9,False,False,False,False,False,True,False,True,True,True,10.0,0,0,True,0.1,False,,D,"vehicle/VBOX/ECU schema (29 ECU channels, no smartphone IMU); must never be row-concatenated with smartphone data",False
V-Vtb4,V_full,V,E,FordFiestaTitanium,,625,29,62.4,False,False,False,False,False,True,False,True,True,True,10.0,0,0,True,0.1,False,,D,"vehicle/VBOX/ECU schema (29 ECU channels, no smartphone IMU); must never be row-concatenated with smartphone data",False
V-vtb4,V_sync,V,E,FordFiestaTitanium,,556,29,55.5,False,False,False,False,False,True,False,True,True,True,10.0,0,0,True,0.1,False,,D,"vehicle/VBOX/ECU schema (29 ECU channels, no smartphone IMU); must never be row-concatenated with smartphone data",False
V-Vtb5,V_full,V,E,FordFiestaTitanium,,64610,29,6460.9,False,False,False,False,False,True,False,True,True,True,10.0,0,0,True,0.101,False,,D,"vehicle/VBOX/ECU schema (29 ECU channels, no smartphone IMU); must never be row-concatenated with smartphone data",False
V-vtb5,V_sync,V,E,FordFiestaTitanium,,64388,29,6438.7,False,False,False,False,False,True,False,True,True,True,10.0,0,0,True,0.101,False,,D,"vehicle/VBOX/ECU schema (29 ECU channels, no smartphone IMU); must never be row-concatenated with smartphone data",False
V-Vtb6,V_full,V,E,FordFiestaTitanium,,508,29,50.7,False,False,False,False,False,True,False,True,True,True,10.0,0,0,True,0.1,False,,D,"vehicle/VBOX/ECU schema (29 ECU channels, no smartphone IMU); must never be row-concatenated with smartphone data",False
V-vtb6,V_sync,V,E,FordFiestaTitanium,,498,29,49.7,False,False,False,False,False,True,False,True,True,True,10.0,0,0,True,0.1,False,,D,"vehicle/VBOX/ECU schema (29 ECU channels, no smartphone IMU); must never be row-concatenated with smartphone data",False
V-Vtb7,V_full,V,E,FordFiestaTitanium,,461,29,46.0,False,False,False,False,False,True,False,True,True,True,10.0,0,0,True,0.1,False,,D,"vehicle/VBOX/ECU schema (29 ECU channels, no smartphone IMU); must never be row-concatenated with smartphone data",False
V-vtb7,V_sync,V,E,FordFiestaTitanium,,461,29,46.0,False,False,False,False,False,True,False,True,True,True,10.0,0,0,True,0.1,False,,D,"vehicle/VBOX/ECU schema (29 ECU channels, no smartphone IMU); must never be row-concatenated with smartphone data",False
V-Vtb8,V_full,V,E,FordFiestaTitanium,,699,29,69.8,False,False,False,False,False,True,False,True,True,True,10.0,0,0,True,0.1,False,,D,"vehicle/VBOX/ECU schema (29 ECU channels, no smartphone IMU); must never be row-concatenated with smartphone data",False
V-vtb8,V_sync,V,E,FordFiestaTitanium,,668,29,66.7,False,False,False,False,False,True,False,True,True,True,10.0,0,0,True,0.1,False,,D,"vehicle/VBOX/ECU schema (29 ECU channels, no smartphone IMU); must never be row-concatenated with smartphone data",False
V-Vtb9,V_full,V,E,FordFiestaTitanium,,457,29,45.6,False,False,False,False,False,True,False,True,True,True,10.0,0,0,True,0.1,False,,D,"vehicle/VBOX/ECU schema (29 ECU channels, no smartphone IMU); must never be row-concatenated with smartphone data",False
V-vtb9,V_sync,V,E,FordFiestaTitanium,,452,29,45.1,False,False,False,False,False,True,False,True,True,True,10.0,0,0,True,0.1,False,,D,"vehicle/VBOX/ECU schema (29 ECU channels, no smartphone IMU); must never be row-concatenated with smartphone data",False
V-Vw1,V_full,V,E,FordFiestaTitanium,,20475,29,2047.4,False,False,False,False,False,True,False,True,True,True,10.0,0,0,True,0.1,False,,D,"vehicle/VBOX/ECU schema (29 ECU channels, no smartphone IMU); must never be row-concatenated with smartphone data",False
V-Vw1,V_sync,V,E,FordFiestaTitanium,,20475,29,2047.4,False,False,False,False,False,True,False,True,True,True,10.0,0,0,True,0.1,False,,D,"vehicle/VBOX/ECU schema (29 ECU channels, no smartphone IMU); must never be row-concatenated with smartphone data",False
V-Vw10,V_full,V,E,FordFiestaTitanium,,670,29,66.9,False,False,False,False,False,True,False,True,True,True,10.0,0,0,True,0.1,False,,D,"vehicle/VBOX/ECU schema (29 ECU channels, no smartphone IMU); must never be row-concatenated with smartphone data",False
V-Vw10,V_sync,V,E,FordFiestaTitanium,,652,29,65.1,False,False,False,False,False,True,False,True,True,True,10.0,0,0,True,0.1,False,,D,"vehicle/VBOX/ECU schema (29 ECU channels, no smartphone IMU); must never be row-concatenated with smartphone data",False
V-Vw11,V_full,V,E,FordFiestaTitanium,,4924,29,492.3,False,False,False,False,False,True,False,True,True,True,10.0,0,0,True,0.1,False,,D,"vehicle/VBOX/ECU schema (29 ECU channels, no smartphone IMU); must never be row-concatenated with smartphone data",False
V-Vw11,V_sync,V,E,FordFiestaTitanium,,4909,29,490.8,False,False,False,False,False,True,False,True,True,True,10.0,0,0,True,0.1,False,,D,"vehicle/VBOX/ECU schema (29 ECU channels, no smartphone IMU); must never be row-concatenated with smartphone data",False
V-Vw12,V_full,V,E,FordFiestaTitanium,,1069,29,106.8,False,False,False,False,False,True,False,True,True,True,10.0,0,0,True,0.1,False,,D,"vehicle/VBOX/ECU schema (29 ECU channels, no smartphone IMU); must never be row-concatenated with smartphone data",False
V-Vw12,V_sync,V,E,FordFiestaTitanium,,918,29,91.7,False,False,False,False,False,True,False,True,True,True,10.0,0,0,True,0.1,False,,D,"vehicle/VBOX/ECU schema (29 ECU channels, no smartphone IMU); must never be row-concatenated with smartphone data",False
V-Vw13,V_full,V,E,FordFiestaTitanium,,297,29,29.6,False,False,False,False,False,True,False,True,True,True,10.0,0,0,True,0.1,False,,D,"vehicle/VBOX/ECU schema (29 ECU channels, no smartphone IMU); must never be row-concatenated with smartphone data",False
V-Vw13,V_sync,V,E,FordFiestaTitanium,,284,29,28.3,False,False,False,False,False,True,False,True,True,True,10.0,0,0,True,0.1,False,,D,"vehicle/VBOX/ECU schema (29 ECU channels, no smartphone IMU); must never be row-concatenated with smartphone data",False
V-Vw14a,V_full,V,E,FordFiestaTitanium,,3140,29,313.9,False,False,False,False,False,True,False,True,True,True,10.0,0,0,True,0.1,False,,D,"vehicle/VBOX/ECU schema (29 ECU channels, no smartphone IMU); must never be row-concatenated with smartphone data",False
V-Vw14a,V_sync,V,E,FordFiestaTitanium,,3138,29,313.7,False,False,False,False,False,True,False,True,True,True,10.0,0,0,True,0.1,False,,D,"vehicle/VBOX/ECU schema (29 ECU channels, no smartphone IMU); must never be row-concatenated with smartphone data",False
V-Vw14b,V_full,V,E,FordFiestaTitanium,,19600,29,1959.9,False,False,False,False,False,True,False,True,True,True,10.0,0,0,True,0.101,False,,D,"vehicle/VBOX/ECU schema (29 ECU channels, no smartphone IMU); must never be row-concatenated with smartphone data",False
V-Vw14b,V_sync,V,E,FordFiestaTitanium,,19588,29,1958.7,False,False,False,False,False,True,False,True,True,True,10.0,0,0,True,0.101,False,,D,"vehicle/VBOX/ECU schema (29 ECU channels, no smartphone IMU); must never be row-concatenated with smartphone data",False
V-Vw14c,V_full,V,E,FordFiestaTitanium,,15857,29,1585.6,False,False,False,False,False,True,False,True,True,True,10.0,0,0,True,0.1,False,,D,"vehicle/VBOX/ECU schema (29 ECU channels, no smartphone IMU); must never be row-concatenated with smartphone data",False
V-Vw14c,V_sync,V,E,FordFiestaTitanium,,15826,29,1582.5,False,False,False,False,False,True,False,True,True,True,10.0,0,0,True,0.1,False,,D,"vehicle/VBOX/ECU schema (29 ECU channels, no smartphone IMU); must never be row-concatenated with smartphone data",False
V-Vw15,V_full,V,E,FordFiestaTitanium,,1391,29,139.0,False,False,False,False,False,True,False,True,True,True,10.0,0,0,True,0.1,False,,D,"vehicle/VBOX/ECU schema (29 ECU channels, no smartphone IMU); must never be row-concatenated with smartphone data",False
V-Vw15,V_sync,V,E,FordFiestaTitanium,,1391,29,139.0,False,False,False,False,False,True,False,True,True,True,10.0,0,0,True,0.1,False,,D,"vehicle/VBOX/ECU schema (29 ECU channels, no smartphone IMU); must never be row-concatenated with smartphone data",False
V-Vw16a,V_full,V,E,FordFiestaTitanium,,6000,29,599.9,False,False,False,False,False,True,False,True,True,True,10.0,0,0,True,0.1,False,,D,"vehicle/VBOX/ECU schema (29 ECU channels, no smartphone IMU); must never be row-concatenated with smartphone data",False
V-Vw16a,V_sync,V,E,FordFiestaTitanium,,5879,29,587.8,False,False,False,False,False,True,False,True,True,True,10.0,0,0,True,0.1,False,,D,"vehicle/VBOX/ECU schema (29 ECU channels, no smartphone IMU); must never be row-concatenated with smartphone data",False
V-Vw16b,V_full,V,E,FordFiestaTitanium,,1171,29,117.0,False,False,False,False,False,True,False,True,True,True,10.0,0,0,True,0.1,False,,D,"vehicle/VBOX/ECU schema (29 ECU channels, no smartphone IMU); must never be row-concatenated with smartphone data",False
V-Vw16b,V_sync,V,E,FordFiestaTitanium,,1126,29,112.5,False,False,False,False,False,True,False,True,True,True,10.0,0,0,True,0.1,False,,D,"vehicle/VBOX/ECU schema (29 ECU channels, no smartphone IMU); must never be row-concatenated with smartphone data",False
V-Vw17,V_full,V,E,FordFiestaTitanium,,329,29,32.8,False,False,False,False,False,True,False,True,True,True,10.0,0,0,True,0.1,False,,D,"vehicle/VBOX/ECU schema (29 ECU channels, no smartphone IMU); must never be row-concatenated with smartphone data",False
V-Vw17,V_sync,V,E,FordFiestaTitanium,,329,29,32.8,False,False,False,False,False,True,False,True,True,True,10.0,0,0,True,0.1,False,,D,"vehicle/VBOX/ECU schema (29 ECU channels, no smartphone IMU); must never be row-concatenated with smartphone data",False
V-Vw2,V_full,V,E,FordFiestaTitanium,,52712,29,5271.1,False,False,False,False,False,True,False,True,True,True,10.0,0,0,True,0.101,False,,D,"vehicle/VBOX/ECU schema (29 ECU channels, no smartphone IMU); must never be row-concatenated with smartphone data",False
V-Vw2,V_sync,V,E,FordFiestaTitanium,,52712,29,5271.1,False,False,False,False,False,True,False,True,True,True,10.0,0,0,True,0.101,False,,D,"vehicle/VBOX/ECU schema (29 ECU channels, no smartphone IMU); must never be row-concatenated with smartphone data",False
V-Vw3,V_full,V,E,FordFiestaTitanium,,3941,29,394.0,False,False,False,False,False,True,False,True,True,True,10.0,0,0,True,0.1,False,,D,"vehicle/VBOX/ECU schema (29 ECU channels, no smartphone IMU); must never be row-concatenated with smartphone data",False
V-Vw3,V_sync,V,E,FordFiestaTitanium,,3861,29,386.0,False,False,False,False,False,True,False,True,True,True,10.0,0,0,True,0.1,False,,D,"vehicle/VBOX/ECU schema (29 ECU channels, no smartphone IMU); must never be row-concatenated with smartphone data",False
V-Vw4,V_full,V,E,FordFiestaTitanium,,126573,29,12657.2,False,False,False,False,False,True,False,True,True,True,10.0,0,0,True,0.101,False,,D,"vehicle/VBOX/ECU schema (29 ECU channels, no smartphone IMU); must never be row-concatenated with smartphone data",False
V-Vw4,V_sync,V,E,FordFiestaTitanium,,126527,29,12652.6,False,False,False,False,False,True,False,True,True,True,10.0,0,0,True,0.101,False,,D,"vehicle/VBOX/ECU schema (29 ECU channels, no smartphone IMU); must never be row-concatenated with smartphone data",False
V-Vw5,V_full,V,E,FordFiestaTitanium,,1050,29,104.9,False,False,False,False,False,True,False,True,True,True,10.0,0,0,True,0.1,False,,D,"vehicle/VBOX/ECU schema (29 ECU channels, no smartphone IMU); must never be row-concatenated with smartphone data",False
V-Vw5,V_sync,V,E,FordFiestaTitanium,,1012,29,101.1,False,False,False,False,False,True,False,True,True,True,10.0,0,0,True,0.1,False,,D,"vehicle/VBOX/ECU schema (29 ECU channels, no smartphone IMU); must never be row-concatenated with smartphone data",False
V-Vw6,V_full,V,E,FordFiestaTitanium,,1288,29,128.7,False,False,False,False,False,True,False,True,True,True,10.0,0,0,True,0.1,False,,D,"vehicle/VBOX/ECU schema (29 ECU channels, no smartphone IMU); must never be row-concatenated with smartphone data",False
V-Vw6,V_sync,V,E,FordFiestaTitanium,,1281,29,128.0,False,False,False,False,False,True,False,True,True,True,10.0,0,0,True,0.1,False,,D,"vehicle/VBOX/ECU schema (29 ECU channels, no smartphone IMU); must never be row-concatenated with smartphone data",False
V-Vw7,V_full,V,E,FordFiestaTitanium,,1689,29,168.8,False,False,False,False,False,True,False,True,True,True,10.0,0,0,True,0.1,False,,D,"vehicle/VBOX/ECU schema (29 ECU channels, no smartphone IMU); must never be row-concatenated with smartphone data",False
V-Vw7,V_sync,V,E,FordFiestaTitanium,,1602,29,160.1,False,False,False,False,False,True,False,True,True,True,10.0,0,0,True,0.1,False,,D,"vehicle/VBOX/ECU schema (29 ECU channels, no smartphone IMU); must never be row-concatenated with smartphone data",False
V-Vw8,V_full,V,E,FordFiestaTitanium,,1599,29,159.8,False,False,False,False,False,True,False,True,True,True,10.0,0,0,True,0.1,False,,D,"vehicle/VBOX/ECU schema (29 ECU channels, no smartphone IMU); must never be row-concatenated with smartphone data",False
V-Vw8,V_sync,V,E,FordFiestaTitanium,,1529,29,152.8,False,False,False,False,False,True,False,True,True,True,10.0,0,0,True,0.1,False,,D,"vehicle/VBOX/ECU schema (29 ECU channels, no smartphone IMU); must never be row-concatenated with smartphone data",False
V-Vw9,V_full,V,E,FordFiestaTitanium,,601,29,60.0,False,False,False,False,False,True,False,True,True,True,10.0,0,0,True,0.1,False,,D,"vehicle/VBOX/ECU schema (29 ECU channels, no smartphone IMU); must never be row-concatenated with smartphone data",False
V-Vw9,V_sync,V,E,FordFiestaTitanium,,553,29,55.2,False,False,False,False,False,True,False,True,True,True,10.0,0,0,True,0.1,False,,D,"vehicle/VBOX/ECU schema (29 ECU channels, no smartphone IMU); must never be row-concatenated with smartphone data",False
V-Y1,V_full,V,D,FordFiestaTitanium,,70341,29,7672.4,False,False,False,False,False,True,False,True,True,True,10.0,0,0,True,384.6,False,,D,"vehicle/VBOX/ECU schema (29 ECU channels, no smartphone IMU); must never be row-concatenated with smartphone data",False
V-Y1,V_sync,V,D,FordFiestaTitanium,,70285,29,7666.8,False,False,False,False,False,True,False,True,True,True,10.0,0,0,True,384.6,False,,D,"vehicle/VBOX/ECU schema (29 ECU channels, no smartphone IMU); must never be row-concatenated with smartphone data",False
V-Y2,V_full,V,D,FordFiestaTitanium,,57213,29,5721.2,False,False,False,False,False,True,False,True,True,True,10.0,0,0,True,0.1,False,,D,"vehicle/VBOX/ECU schema (29 ECU channels, no smartphone IMU); must never be row-concatenated with smartphone data",False
